﻿<?xml version="1.0" encoding="utf-8"?>
<Contents>
  <Version>3</Version>
  <!--Acquisition Time should be universal time in the US format YYYY-MM-DDTHH:MM:SSZ-->
  <!--example "2005-09-20T21:53:39Z" and "2005-11-20T5:53:39Z"-->
  <AcquiredTime>2019-10-22T08:13:34Z</AcquiredTime>
  <!--AcqStatus (0 = Init / 1 = Start / 2 = End)-->
  <AcqStatus>2</AcqStatus>
  <InstrumentName>Instrument #1</InstrumentName>
  <!--LockedMode (0 = False / -1 = True)-->
  <LockedMode>0</LockedMode>
  <!--MeasurementType 0 - Unknown / 1- Infusion / 2 - Chromatographic-->
  <MeasurementType>2</MeasurementType>
  <!--SeparationTechnique (Unspecified = 0, None = 1, GC  = 2, LC = 3, CE = 4)-->
  <SeparationTechnique>2</SeparationTechnique>
  <AcqSoftwareVersion>MassHunter GC/MS Acquisition  B.07.01.1805  12-Mar-2014  Copyright © 1989-2014 Agilent Technologies, Inc.</AcqSoftwareVersion>
</Contents>