<SampleInfo>
  <Version>1.0</Version>
  <Field>
    <Name>Dilution</Name>
    <DisplayName>Dilution</DisplayName>
    <Value>1</Value>
    <DataType>8</DataType>
    <Units>
    </Units>
  </Field>
  <Field>
    <Name>Inj Vol (µl)</Name>
    <DisplayName>Inj Vol (µl)</DisplayName>
    <Value>1</Value>
    <DataType>8</DataType>
    <Units>
    </Units>
  </Field>
  <Field>
    <Name>Wt/Vol</Name>
    <DisplayName>Wt/Vol</DisplayName>
    <Value>0</Value>
    <DataType>8</DataType>
    <Units>
    </Units>
  </Field>
  <Field>
    <Name>Sample ID</Name>
    <DisplayName>Sample ID</DisplayName>
    <Value>
    </Value>
    <DataType>8</DataType>
    <Units>
    </Units>
  </Field>
  <Field>
    <Name>Sample Name</Name>
    <DisplayName>Sample Name</DisplayName>
    <Value>A200</Value>
    <DataType>8</DataType>
    <Units>
    </Units>
  </Field>
  <Field>
    <Name>Sample Position</Name>
    <DisplayName>Sample Position</DisplayName>
    <Value>54</Value>
    <DataType>8</DataType>
    <Units>
    </Units>
  </Field>
  <Field>
    <Name>Sample Type</Name>
    <DisplayName>Sample Type</DisplayName>
    <Value>
    </Value>
    <DataType>8</DataType>
    <Units>
    </Units>
  </Field>
  <Field>
    <Name>Data File</Name>
    <DisplayName>Data File</DisplayName>
    <Value>D:\est\biome\oct21-data-1\A200.D</Value>
    <DataType>8</DataType>
    <Units>
    </Units>
  </Field>
  <Field>
    <Name>Method</Name>
    <DisplayName>Method</DisplayName>
    <Value>D:\est\biome\oct21.M</Value>
    <DataType>8</DataType>
    <Units>
    </Units>
  </Field>
  <Field>
    <Name>Override DA Method</Name>
    <DisplayName>Override DA Method</DisplayName>
    <Value>
    </Value>
    <DataType>8</DataType>
    <Units>
    </Units>
  </Field>
  <Field>
    <Name>Level Name</Name>
    <DisplayName>Level Name</DisplayName>
    <Value>
    </Value>
    <DataType>8</DataType>
    <Units>
    </Units>
  </Field>
  <Field>
    <Name>Comment</Name>
    <DisplayName>Comment</DisplayName>
    <Value>
    </Value>
    <DataType>8</DataType>
    <Units>
    </Units>
  </Field>
  <Field>
    <Name>Balance Override</Name>
    <DisplayName>Balance Override</DisplayName>
    <Value>
    </Value>
    <DataType>8</DataType>
    <Units>
    </Units>
  </Field>
  <Field>
    <Name>Barcode</Name>
    <DisplayName>Barcode</DisplayName>
    <Value>
    </Value>
    <DataType>8</DataType>
    <Units>
    </Units>
  </Field>
  <Field>
    <Name>Equilib Time (min)</Name>
    <DisplayName>Equilib Time (min)</DisplayName>
    <Value>0.25</Value>
    <DataType>8</DataType>
    <Units>
    </Units>
  </Field>
  <Field>
    <Name>Plate Code</Name>
    <DisplayName>Plate Code</DisplayName>
    <Value>
    </Value>
    <DataType>8</DataType>
    <Units>
    </Units>
  </Field>
  <Field>
    <Name>Plate Position</Name>
    <DisplayName>Plate Position</DisplayName>
    <Value>
    </Value>
    <DataType>8</DataType>
    <Units>
    </Units>
  </Field>
  <Field>
    <Name>Rack Code</Name>
    <DisplayName>Rack Code</DisplayName>
    <Value>
    </Value>
    <DataType>8</DataType>
    <Units>
    </Units>
  </Field>
  <Field>
    <Name>Rack Position</Name>
    <DisplayName>Rack Position</DisplayName>
    <Value>
    </Value>
    <DataType>8</DataType>
    <Units>
    </Units>
  </Field>
  <Field>
    <Name>12067624645</Name>
    <DisplayName>Expected Barcode</DisplayName>
    <Value>
    </Value>
    <DataType>8</DataType>
    <Units>
    </Units>
  </Field>
  <Field>
    <Name>2225099674</Name>
    <DisplayName>Sample Amount</DisplayName>
    <Value>
    </Value>
    <DataType>8</DataType>
    <Units>
    </Units>
  </Field>
  <Field>
    <Name>3969239006</Name>
    <DisplayName>Dual Inj Vol</DisplayName>
    <Value>1</Value>
    <DataType>8</DataType>
    <Units>
    </Units>
  </Field>
  <Field>
    <Name>41976207891</Name>
    <DisplayName>TuneName</DisplayName>
    <Value>ATUNE.U</Value>
    <DataType>8</DataType>
    <Units>
    </Units>
  </Field>
  <Field>
    <Name>5265476115</Name>
    <DisplayName>TunePath</DisplayName>
    <Value>D:\MassHunter\GCMS\1\5977\</Value>
    <DataType>8</DataType>
    <Units>
    </Units>
  </Field>
  <Field>
    <Name>62123182528</Name>
    <DisplayName>MSFirmwareVersion</DisplayName>
    <Value>6.00.21</Value>
    <DataType>8</DataType>
    <Units>
    </Units>
  </Field>
  <Field>
    <Name>7554043196</Name>
    <DisplayName>Acquisition Time #2</DisplayName>
    <Value>2019-10-22 08:13:34Z</Value>
    <DataType>8</DataType>
    <Units>
    </Units>
  </Field>
  <Field>
    <Name>OperatorName</Name>
    <DisplayName>OperatorName</DisplayName>
    <Value>Uttmark</Value>
    <DataType>8</DataType>
    <Units>
    </Units>
  </Field>
  <Field>
    <Name>AcqTime</Name>
    <DisplayName>AcqTime</DisplayName>
    <Value>2019-10-22T08:13:34Z</Value>
    <DataType>8</DataType>
    <Units>
    </Units>
  </Field>
  <Field>
    <Name>SampleLockedRunMode</Name>
    <DisplayName>SampleLockedRunMode</DisplayName>
    <Value>False</Value>
    <DataType>8</DataType>
    <Units>
    </Units>
  </Field>
  <Field>
    <Name>RunCompletedFlag</Name>
    <DisplayName>RunCompletedFlag</DisplayName>
    <Value>True</Value>
    <DataType>8</DataType>
    <Units>
    </Units>
  </Field>
</SampleInfo>