﻿<SequenceTableDataSet SchemaVersion="1.0" SequenceComment="" SequenceOperator="Uttmark" SequenceSeqPathFileName="D:\est\biome\oct21-data-1\" SequencePreSeqAcqCommand="" SequencePostSeqAcqCommand="" SequencePreSeqDACommand="" SequencePostSeqDACommand="" SequenceReProcessing="False" SequenceInjectBarCodeMismatch="OnBarcodeMismatchInjectAnyway" SequenceOverwriteExistingData="False" SequenceModifiedTimeStamp="">
  <Sequence>
    <SequenceID>0</SequenceID>
    <SampleID>0</SampleID>
    <AcqMethodFileName>oct21</AcqMethodFileName>
    <AcqMethodPathName>D:\est\biome\</AcqMethodPathName>
    <AcqOperator>Uttmark</AcqOperator>
    <Comment />
    <Completed>false</Completed>
    <DAMethodFileName />
    <DAMethodPathName />
    <DAReportPathFileName />
    <DataFileName>AUnf</DataFileName>
    <DataPathName>D:\est\biome\oct21-data-1\</DataPathName>
    <Dilution>1</Dilution>
    <DualInjector>false</DualInjector>
    <DualInjectorExpectedBarcode />
    <DualInjectorVolume>0</DualInjectorVolume>
    <EquilibrationTime>0</EquilibrationTime>
    <ExpectedBarcode />
    <InjectionsPerPosition>1</InjectionsPerPosition>
    <InjectorVolume>1</InjectorVolume>
    <InstrumentName>Instrument #1</InstrumentName>
    <InstrumentType>SingleQuadrupole</InstrumentType>
    <Keyword />
    <KeywordString />
    <LevelName />
    <MatrixSpikeGroup />
    <Locked>false</Locked>
    <PlateCode />
    <PlatePosition>2</PlatePosition>
    <RackCode />
    <SampleGroup />
    <SampleInformation />
    <SampleName>AUnf</SampleName>
    <SamplePosition>dummy</SamplePosition>
    <SamplePrepFileName />
    <SamplePrepPathName />
    <SampleType>Sample</SampleType>
    <TrayName />
    <UpdateResponseFactor>None</UpdateResponseFactor>
    <UpdateRetentionTime>None</UpdateRetentionTime>
    <UpdateQualifierRatios>None</UpdateQualifierRatios>
    <UpdateMassAssignments>None</UpdateMassAssignments>
    <UserDefined />
    <UserDefined1 />
    <UserDefined2 />
    <UserDefined3 />
    <UserDefined4 />
    <UserDefined5 />
    <UserDefined6 />
    <UserDefined7 />
    <UserDefined8 />
    <UserDefined9 />
    <Vial>55</Vial>
  </Sequence>
</SequenceTableDataSet>