﻿Starting sequence Mon Oct 21 22:31:29 2019
_seqline	_dataname$	_alsbottle	_alsbottle2	_methpath$	_methfile$	_datapath$	_datafile$	_runtype$	_levelid$	_multiplr	_miscinfo$	_sampamt	_injvol	_injvol2	_expbarcode$	_expbarcode2$	_pretreatpath$	_pretreatfile$	_traypicked	_balanceoverride	_damethodpathname$	_damethodfilename$	_dareportpath$	_sampleinformation$	_istdamt	_keyword$	_keywordstring$	_matrixspikegroup$	_samplegroup$	_samplingdatetime	_samplingtime	_totalsampleamount	
1	blank1	51	0	D:\est\biome\	oct21.M	D:\est\biome\oct21-data-1\	blank2.D	Blank		1		0	0	0			D:\MassHunter\GCMS\1\PreTreat\	Default.pt		0					0						0	0	
2	A	52	0	D:\est\biome\	oct21.M	D:\est\biome\oct21-data-1\	0.D	Sample		1		0	0	0			D:\MassHunter\GCMS\1\PreTreat\	Default.pt		0					0						0	0	
3	blank2	51	0	D:\est\biome\	oct21.M	D:\est\biome\oct21-data-1\	blank3.D	Blank		1		0	0	0			D:\MassHunter\GCMS\1\PreTreat\	Default.pt		0					0						0	0	
4	A100	53	0	D:\est\biome\	oct21.M	D:\est\biome\oct21-data-1\	A101.D	Sample		1		0	0	0			D:\MassHunter\GCMS\1\PreTreat\	Default.pt		0					0						0	0	
5	blank3	51	0	D:\est\biome\	oct21.M	D:\est\biome\oct21-data-1\	blank4.D	Blank		1		0	0	0			D:\MassHunter\GCMS\1\PreTreat\	Default.pt		0					0						0	0	
6	A200	54	0	D:\est\biome\	oct21.M	D:\est\biome\oct21-data-1\	A201.D	Sample		1		0	0	0			D:\MassHunter\GCMS\1\PreTreat\	Default.pt		0					0						0	0	
7	blank4	51	0	D:\est\biome\	oct21.M	D:\est\biome\oct21-data-1\	blank5.D	Blank		1		0	0	0			D:\MassHunter\GCMS\1\PreTreat\	Default.pt		0					0						0	0	
8	AUnf	55	0	D:\est\biome\	oct21.M	D:\est\biome\oct21-data-1\	0.D	Sample		1		0	0	0			D:\MassHunter\GCMS\1\PreTreat\	Default.pt		0					0						0	0	
