<?xml version="1.0"?>
<RTPInfo xmlns:xsi="http://www.w3.org/2001/XMLSchema-instance" xmlns:xsd="http://www.w3.org/2001/XMLSchema">
  <Version>2</Version>
  <rtpPlotInfoChrom>
    <Type>Chromatogram</Type>
    <yMin>0</yMin>
    <yMax>100000</yMax>
    <xMin>0</xMin>
    <xMax>10.5</xMax>
    <IsNormalized>true</IsNormalized>
    <MaxRateHz>5</MaxRateHz>
  </rtpPlotInfoChrom>
  <rtpPlotInfoSpect>
    <Type>Spectrum</Type>
    <yMin>0</yMin>
    <yMax>15000</yMax>
    <xMin>0</xMin>
    <xMax>1065</xMax>
    <IsNormalized>true</IsNormalized>
    <MaxRateHz>2</MaxRateHz>
  </rtpPlotInfoSpect>
  <listrtpSignalInfo>
    <RTPSIGNALINFO>
      <Source>MS</Source>
      <Type>Chromatogram</Type>
      <ID>0</ID>
      <x>978</x>
      <y>209</y>
      <yMin>0</yMin>
      <yMax>100000</yMax>
      <yFactor>1</yFactor>
      <IsNormalized>true</IsNormalized>
      <IsLinked>true</IsLinked>
      <rgb>-65536</rgb>
    </RTPSIGNALINFO>
    <RTPSIGNALINFO>
      <Source>MS</Source>
      <Type>Chromatogram</Type>
      <ID>0</ID>
      <x>6</x>
      <y>276</y>
      <yMin>0</yMin>
      <yMax>100000</yMax>
      <yFactor>1</yFactor>
      <IsNormalized>true</IsNormalized>
      <IsLinked>true</IsLinked>
      <rgb>-16776961</rgb>
    </RTPSIGNALINFO>
    <RTPSIGNALINFO>
      <Source>MS</Source>
      <Type>Spectrum</Type>
      <ID>0</ID>
      <x>1140</x>
      <y>142</y>
      <yMin>0</yMin>
      <yMax>15000</yMax>
      <yFactor>1</yFactor>
      <IsNormalized>true</IsNormalized>
      <IsLinked>true</IsLinked>
      <rgb>-16776961</rgb>
    </RTPSIGNALINFO>
  </listrtpSignalInfo>
  <m_PlotEventOption>
    <m_bShowTimeEvent>true</m_bShowTimeEvent>
    <m_bShowSolventDelay>true</m_bShowSolventDelay>
    <m_bShowSimGroup>true</m_bShowSimGroup>
  </m_PlotEventOption>
</RTPInfo>